scene,model,model_key,capability_label,condition,oa_mean,oa_std,macro_f1_mean,macro_f1_std,balanced_accuracy_mean,balanced_accuracy_std,worst_class_recall_mean,worst_class_recall_std,nll_mean,nll_std,brier_mean,brier_std,ece_15bin_mean,ece_15bin_std,label_flip_rate_mean,label_flip_rate_std,nominal_correct_to_shifted_wrong_rate_all_mean,nominal_correct_to_shifted_wrong_rate_all_std,macro_f1_drop_pp
LongKou,Linear,linear,standard-capability,nominal,0.8882879069510647,0.0009128941843645422,0.760617912479646,0.0018261141917902185,0.8171045247323903,0.0014877640871831493,0.5195795006570301,0.01135858121090724,0.3629683459515455,0.0027344925341112,0.16158797254918017,0.0010254555483840565,0.03147274405123423,0.0007677199389407524,0.0,0.0,0.0,0.0,0.0
LongKou,Linear,linear,standard-capability,global_center_minus_1p1_nm,0.8939047058173989,0.0008156323311592523,0.7594650496949177,0.001887101728493187,0.7950814384614611,0.0017715553840857742,0.4837056504599212,0.011703829528650424,0.3547368464869585,0.002971065595127912,0.15628673961709066,0.0010029334248652967,0.03100161435053452,0.0008000833445974796,0.03373207943022251,0.001409269061338086,0.009286489868781863,0.0003193181899829857,0.11528627847283701
LongKou,Linear,linear,standard-capability,global_center_plus_1p1_nm,0.8722601542227212,0.001721861882381351,0.7511830019847094,0.0028160146734001966,0.8217558695889448,0.00240507250775151,0.5445904511607533,0.020456408535281655,0.3918935953625128,0.003670671929045072,0.17999418572307038,0.001844042299116778,0.027366431615057203,0.001252992761890692,0.03562581666267921,0.0010005613022928618,0.022126727644146714,0.0008979122053658255,0.943491049493661
LongKou,Linear,linear,standard-capability,global_center_minus_2p2_nm,0.8903840845096342,0.0010571019939273213,0.7428454996006606,0.0030252344442993854,0.7553932025656389,0.00369900067219674,0.4379589053856659,0.018416473309612425,0.3634993582267076,0.0035694162852552926,0.1612297144584276,0.0012741295590292371,0.024454239056471164,0.0012240563473333247,0.06358098533227818,0.0019215159190867116,0.02132800853930103,0.0005877443482932817,1.7772412878985455
LongKou,Linear,linear,standard-capability,global_center_plus_2p2_nm,0.846351473213464,0.0028655666309919865,0.7327159755645709,0.0035789362670301823,0.810216120498373,0.003372468390012713,0.5597459483136225,0.026470971360174334,0.44541307344411374,0.007147350651176461,0.2130144664310473,0.003978308573212441,0.02110398350903309,0.0016019880472892996,0.07520474078436425,0.0024962709103638833,0.051681174890038095,0.0021509232981393816,2.7901936915075143
LongKou,Linear,linear,standard-capability,global_center_minus_4p4_nm,0.8704897215525331,0.0024427495856511865,0.6619217533533053,0.006568702552942346,0.667122179902772,0.005116732932775986,0.005946994182288299,0.006190052809243239,0.4193629053026843,0.006668275497590316,0.18724463930881544,0.002808152860736044,0.01629462031266409,0.0023959267645962297,0.10821723687358523,0.0033473088908794594,0.0487494708946022,0.0019466107448911907,9.869615912634078
LongKou,Linear,linear,standard-capability,global_center_plus_4p4_nm,0.7629810258203434,0.00881337567343766,0.6603725674051779,0.009463888998725125,0.7431052117589803,0.009167084512454234,0.31320754716981136,0.05117360453310736,0.6431710741585985,0.023277442245890123,0.3257551638382357,0.01232281741696323,0.06071746784785823,0.008734658601697557,0.1779156007876769,0.008651909162820534,0.1387268343854096,0.00791792466085685,10.024534507446814
LongKou,Linear,linear,standard-capability,local_mid25_center_minus_2p2_nm,0.890159559784309,0.0011393080745840931,0.7437964336509807,0.002775071485161137,0.770180071464278,0.0021385208897232995,0.436216763062245,0.01132927032196744,0.36122067506026834,0.0028427077359637477,0.16050136478300628,0.0010641923258254181,0.024873215533251496,0.0007457268168383425,0.05019231830980732,0.0007184681372116158,0.015722251872573017,0.00020918743748654268,1.682147882866536
LongKou,Linear,linear,standard-capability,local_mid25_center_plus_2p2_nm,0.8529289434455343,0.0012608425321652677,0.7416871949379924,0.001759888557903209,0.810223118182142,0.002595459472763655,0.5674989049496276,0.011944986948829145,0.42664384675942413,0.003096041624805866,0.2050130814504712,0.0017443592235758104,0.019053602515543215,0.001354584099770474,0.06274361852881093,0.0008379379312964387,0.04359644441172682,0.000977765662466964,1.8930717541653652
LongKou,Linear,linear,standard-capability,fwhm_12_nm,0.8846587040138395,0.0007863826403781538,0.7550706748663364,0.0013580384946436728,0.821522104098311,0.0015632298363472742,0.5056066579062637,0.011026455829219179,0.376500047273258,0.0033298758544601376,0.16558944891473407,0.0012282045950581918,0.03219338061136587,0.0009851757717922566,0.01969376299758912,0.0010721300426624592,0.008804313819312806,0.0009131724011546304,0.5547237613309663
LongKou,Linear,linear,standard-capability,fwhm_18_nm,0.8891473581537441,0.0013719436189080323,0.7597388030093832,0.0023905459089614014,0.8052916204509961,0.0018140460496005157,0.5229960578186595,0.013449964834905176,0.3567310413585359,0.003509336657036308,0.16108737485997496,0.0015689811322006709,0.028971094444896227,0.0005805547297557228,0.0204170270717927,0.0010493801989300184,0.0072381618418388945,0.00024918115235478884,0.08791094702628177
LongKou,MLP,mlp,standard-capability,nominal,0.9464674163093288,0.0036117786505355637,0.8731131102810584,0.007398552531840668,0.9323524246547452,0.005571983306708612,0.8415095967769034,0.02249224353052183,0.1541879938900281,0.008557681112855767,0.07867709234012414,0.004908989995226836,0.010356917302931899,0.0017822321107312906,0.0,0.0,0.0,0.0,0.0
LongKou,MLP,mlp,standard-capability,global_center_minus_1p1_nm,0.9480850985516314,0.0045201957007896315,0.8653940789443931,0.010323711184069748,0.8791986197215718,0.015487300838708404,0.6983343849295578,0.052395351920574505,0.16442134126715668,0.013731513888881443,0.07682746703430873,0.006623549052253404,0.011597287229262461,0.0008246932836541385,0.04909177908239322,0.0048650857766484295,0.021673997460294088,0.003125540442095877,0.7719031336665294
LongKou,MLP,mlp,standard-capability,global_center_plus_1p1_nm,0.8972008023998381,0.010729959928548199,0.8120185930808864,0.009985316304363693,0.911777877826237,0.0046497576860808475,0.7493190808346167,0.03628139570934136,0.2902671646109664,0.025011884933539258,0.1504844950307948,0.01414560985255288,0.04251286125773045,0.006986440122671487,0.06868800265012791,0.008243200565153104,0.05570421627988296,0.007327943135931094,6.1094517200172005
LongKou,MLP,mlp,standard-capability,global_center_minus_2p2_nm,0.9071240591125752,0.010585362903795836,0.7788967807638706,0.016062918610702148,0.760039438895641,0.02134601350315614,0.33497091144149965,0.10622367524713637,0.33766096463738177,0.03793929125141716,0.14241526735624963,0.016479991064874903,0.04242066369767391,0.004508802019853574,0.10869573218985222,0.011304575623330421,0.0701915821631669,0.010266804714093875,9.421632951718784
LongKou,MLP,mlp,standard-capability,global_center_plus_2p2_nm,0.8012385667224912,0.02814831646780259,0.7142809733906026,0.01867758120859402,0.8147281815310532,0.023512740195308388,0.4955775744764517,0.07269825107776082,0.6717219071704126,0.10654887739224413,0.3061880022504371,0.04405879465787684,0.11626242641516908,0.02153811132551455,0.17718681561367028,0.028016613487874865,0.15253142425971253,0.02549715880732871,15.883213689045583
LongKou,MLP,mlp,standard-capability,global_center_minus_4p4_nm,0.7430553766310248,0.04810897532117245,0.5404718681418947,0.029750602497965312,0.5340407725477629,0.022975140889043857,0.004137039431157078,0.005864211211398436,1.3137242669795666,0.2339382860007247,0.4290280988280699,0.08558783895588831,0.19233373944858134,0.04554355358824042,0.27635128917680396,0.046091647360313424,0.23083902313340818,0.04676411883851647,33.26412421391637
LongKou,MLP,mlp,standard-capability,global_center_plus_4p4_nm,0.5136812853120342,0.013350920131851594,0.4500192057679421,0.02130309102228862,0.5085593610579658,0.02668811830589364,0.007503548709860022,0.008967865224606106,3.8106540670622335,0.4614581810164946,0.8722788283768281,0.028413060996261265,0.41225610577752125,0.01764171371391035,0.4767984982608535,0.013171170567352175,0.44051567072160774,0.013058246615802916,42.309390451311636
LongKou,MLP,mlp,standard-capability,local_mid25_center_minus_2p2_nm,0.9439001049008964,0.005713332822270899,0.858373661930646,0.022101301620803596,0.8765840260981423,0.019201174965363343,0.5676793794440853,0.13100692199783862,0.1714144042379244,0.016947039101407314,0.08359947995733348,0.008679148347926591,0.01242324513473486,0.0009413530917360947,0.04517731932200895,0.002011127915943488,0.02236781566888124,0.0024537805343965583,1.473944835041241
LongKou,MLP,mlp,standard-capability,local_mid25_center_plus_2p2_nm,0.8654231922999062,0.02433360234051987,0.8062983829362402,0.011481597163462325,0.9019225061192355,0.008294041413339275,0.6385542168674698,0.08487969794014177,0.3664564208485824,0.07204914450530135,0.19735048604453775,0.0385700533950951,0.06957262676839747,0.021120463922468684,0.09734251062811712,0.02322153034664456,0.08660581187772605,0.024202890602600037,6.681472734481819
LongKou,MLP,mlp,standard-capability,fwhm_12_nm,0.9287612492408488,0.002049421951004957,0.8282221187278441,0.008647439818531524,0.8982224468333666,0.015916808684002907,0.6940867279894876,0.042488349565335655,0.21012795709195825,0.008046835822228378,0.10414251252881375,0.0033124361149869915,0.01832785705627541,0.0014711578382462372,0.03452895816846716,0.001471755450470292,0.023173896240131032,0.001803519362656452,4.48909915532143
LongKou,MLP,mlp,standard-capability,fwhm_18_nm,0.942656017078602,0.005349654800535353,0.8697850634545186,0.009296056170298508,0.9168369793710376,0.003975534193720786,0.8369685643504742,0.016186426446288857,0.16429694877011947,0.009499578058254732,0.08470026505076754,0.006592968777222904,0.01327842919694042,0.0027021114591579596,0.02674236707952224,0.0007483359221826146,0.013237756961186667,0.0008462084881387108,0.33280468265398655
LongKou,CNN-1D,cnn1d,standard-capability,nominal,0.9422051272613503,0.004549984950299864,0.8639938587215708,0.01135468266401896,0.9116233747606739,0.005829941797175224,0.7765659220324135,0.04004573908843256,0.1960182038587554,0.017171256253500806,0.08565450812020424,0.0062942301123919036,0.01280083363536692,0.004591208489762655,0.0,0.0,0.0,0.0,0.0
LongKou,CNN-1D,cnn1d,standard-capability,global_center_minus_1p1_nm,0.9386771444871819,0.0028805514807684457,0.8357082642767846,0.01050681516023057,0.856961618248486,0.015608370796712099,0.6009198423127463,0.030898045004254,0.20916610762902751,0.008479830906989474,0.08965445490430872,0.0034405926565133807,0.018938694518363677,0.0032143365722036724,0.04101072933728399,0.0029825680321997395,0.019310966744575518,0.003269083760373195,2.8285594444786177
LongKou,CNN-1D,cnn1d,standard-capability,global_center_plus_1p1_nm,0.9020244032611296,0.010799821381982625,0.8122545778222288,0.015976305942279515,0.8966950257912414,0.008756534677225663,0.7891495093865895,0.03429388740288824,0.30987566641739134,0.041483410200491365,0.14434277817407162,0.016456243715189414,0.03692730157031158,0.00975735277923034,0.06299206801994958,0.005930413966045473,0.04804829121961095,0.006555796182499874,5.173928089934199
LongKou,CNN-1D,cnn1d,standard-capability,global_center_minus_2p2_nm,0.9180484752562711,0.0031493063410226677,0.7661443243869649,0.01400305570674074,0.7621441110931308,0.016687597381682507,0.4143292290204255,0.046164245557868105,0.2996631651215108,0.015795407157400743,0.12284987235139111,0.004609847854676292,0.03900167439199773,0.0038354265684969586,0.07663286526676114,0.004783762969898559,0.04517915968860997,0.005362266631019956,9.784953433460586
LongKou,CNN-1D,cnn1d,standard-capability,global_center_plus_2p2_nm,0.7991221451313102,0.02462554879750184,0.7081859623867107,0.02896663865669257,0.8140273904411075,0.033203015015568785,0.5597427303197754,0.06323836779323243,0.7039110178589445,0.13872210886493133,0.308126604259768,0.044288555194161,0.11805453630924963,0.023904571198831322,0.17731748164234315,0.021104068880989382,0.1534792130592414,0.0218117882312648,15.580789633486003
LongKou,CNN-1D,cnn1d,standard-capability,global_center_minus_4p4_nm,0.8803135984688151,0.00324550489408898,0.6537135898894391,0.020992508130205825,0.6333514328138629,0.013715481354713692,0.06735617323852619,0.007987837197973795,0.6278551867909322,0.0567009381316936,0.19463018962592393,0.004850849602856325,0.07851565220610283,0.004626363066768796,0.12348307782910355,0.003389102678495669,0.08439185085669065,0.003889292722895006,21.02802688321317
LongKou,CNN-1D,cnn1d,standard-capability,global_center_plus_4p4_nm,0.515797706903215,0.03371901021022742,0.42421994158674003,0.059446560187365105,0.5125203974635848,0.06997362558950465,0.04137741726611136,0.030665797242286873,3.3958765318344013,0.990109089652527,0.8482059421352532,0.08880913677067637,0.4039984451111291,0.05000101221946507,0.47292452656569184,0.0327347669775622,0.43684597971916006,0.034509547350278745,43.97739171348307
LongKou,CNN-1D,cnn1d,standard-capability,local_mid25_center_minus_2p2_nm,0.9340118151535787,0.003819976697599617,0.8183911208267414,0.009181697373196811,0.8202704102490281,0.010680993525751446,0.3164835164835165,0.03693498926942994,0.23555399445506148,0.009582263917795871,0.09997456146623457,0.0052583278288024365,0.02426999717797798,0.003022381534352864,0.049759832158565984,0.002647799265964276,0.02671292121390581,0.003690755306803409,4.560273789482938
LongKou,CNN-1D,cnn1d,standard-capability,local_mid25_center_plus_2p2_nm,0.7890369361576826,0.021581215122117046,0.7551389769177199,0.00992624108719364,0.8530903333943478,0.006123534181805584,0.42546728266449263,0.07721502175516658,0.6670685892615381,0.12078037312471895,0.32544166694099547,0.042363245206734644,0.13337982258188635,0.025517645419725822,0.17166019471078636,0.021018032037438482,0.15930949445129472,0.0215334113151919,10.885488180385083
LongKou,CNN-1D,cnn1d,standard-capability,fwhm_12_nm,0.932327879713639,0.004606008739490162,0.8336876393583582,0.008615590248665417,0.8851596437981095,0.0036845494122671406,0.6207621550591328,0.02930466099775303,0.22658795230820306,0.022118394451390522,0.09918800015991876,0.007017845551128514,0.01789070930737334,0.005481264952161438,0.03188619172939249,0.004774454209226541,0.01755341664059481,0.0037820686661263953,3.030621936321254
LongKou,CNN-1D,cnn1d,standard-capability,fwhm_18_nm,0.935476746967996,0.005331876659221634,0.8602310636601491,0.014006473422299107,0.8986053695103676,0.0063214587393250745,0.7451721460005177,0.04329632397376484,0.22288608934216367,0.02249050384341538,0.09656890518298347,0.007438329779248914,0.02002400518443256,0.005652789234919527,0.028074792498665735,0.004282299172859998,0.015063400629405376,0.0019805435893788625,0.3762795061421631
LongKou,SSCNN-3x3,sscnn3x3,standard-capability,nominal,0.9643024090398807,0.004026564830873174,0.913471069872742,0.007977536883364542,0.9494149490594845,0.0044524950423984085,0.8672798948751643,0.008252931967331035,0.13103451650004552,0.007431498450412305,0.05515112591167036,0.005104317358737872,0.01649472954647303,0.00260799455308083,0.0,0.0,0.0,0.0,0.0
LongKou,SSCNN-3x3,sscnn3x3,standard-capability,global_center_minus_1p1_nm,0.9658004674531167,0.0028965362079575127,0.9182899344472426,0.005254535213186924,0.9393239345118906,0.0037818546922559755,0.8209811651335961,0.016472848246763937,0.13145797513797547,0.006810902571142915,0.0527232352821758,0.003593423479159119,0.014351710130155775,0.0030631884399828124,0.01709700572354013,0.001245667873514819,0.006500174834827096,0.0009712097738098174,-0.48188645745006475
LongKou,SSCNN-3x3,sscnn3x3,standard-capability,global_center_plus_1p1_nm,0.9521633509395071,0.0039008099376110703,0.8930276641001018,0.007553470629127043,0.9428212348585101,0.004505393052288637,0.875148913265716,0.023231477658216006,0.1715107955556702,0.010595877391684765,0.07471855157560577,0.00462092764526832,0.025608533425221836,0.0034172353458420315,0.019369858475808382,0.0015343073550150275,0.014910650201520142,0.0015314017706625415,2.0443405772640144
LongKou,SSCNN-3x3,sscnn3x3,standard-capability,global_center_minus_2p2_nm,0.9503653127703039,0.003367179414339656,0.8799996131681495,0.014742893353866499,0.889862175218999,0.018602911319103715,0.6248891995896712,0.1570688973792604,0.19561233829122152,0.02785475033168155,0.07771788901871515,0.006256269662552985,0.023301270100142712,0.006301987768076476,0.04131807055965549,0.0049044967124240646,0.02460754182233101,0.005443175515373045,3.3471456704592506
LongKou,SSCNN-3x3,sscnn3x3,standard-capability,global_center_plus_2p2_nm,0.9316800706700775,0.005153086458759326,0.8659352233556579,0.0071866280053353515,0.9235216011591764,0.002643412621805808,0.7889102250406156,0.04048803354473626,0.25538082392683775,0.02891808688155951,0.1092786547879766,0.007686763346472209,0.04131664208605594,0.005795038659369011,0.044336271785339644,0.004964350103208219,0.0368349375195539,0.004953317731831047,4.753584651708409
LongKou,SSCNN-3x3,sscnn3x3,standard-capability,global_center_minus_4p4_nm,0.7959291090785284,0.06434563621208671,0.6653847129716411,0.03761432050087336,0.7209401030613677,0.026358135837628867,0.003102779573367809,0.0041238882760792715,0.9638612241667683,0.4311759033570793,0.3301312448142263,0.1130333266941005,0.13833049473675288,0.06430551033349508,0.19967425511161824,0.0644150179458864,0.17665494966597345,0.06630875992802732,24.80863569011008
LongKou,SSCNN-3x3,sscnn3x3,standard-capability,global_center_plus_4p4_nm,0.869308206194674,0.018213889383585296,0.7930070563652994,0.011288532841876756,0.8524852940920427,0.0139391768738596,0.5088484059856864,0.07276218727860803,0.5818680892810688,0.13537698595285064,0.21696648687729297,0.03465002356082471,0.09375603109382062,0.01983531877836631,0.11224027826343008,0.019572230231489463,0.10015643116108727,0.019478279394210006,12.046401350744251
LongKou,SSCNN-3x3,sscnn3x3,standard-capability,local_mid25_center_minus_2p2_nm,0.9623902681414137,0.003270959775953753,0.9104737492790255,0.004923182734706853,0.930249531420318,0.0064603078648893895,0.7847576349856631,0.014708369946698486,0.14244909697335512,0.00601397017253768,0.0578467131660829,0.00386896189596882,0.016286612899090374,0.0030098211588109134,0.021861714853598842,0.0010695008299626925,0.01019010986988608,0.001009491827874163,0.29973205937164904
LongKou,SSCNN-3x3,sscnn3x3,standard-capability,local_mid25_center_plus_2p2_nm,0.9447301102379594,0.0038550112670743997,0.8826993692534172,0.007068171512234589,0.9353082635951464,0.006171291297237035,0.8415200262306701,0.0496739151787058,0.2006707713169787,0.020869490541166432,0.08714036938237993,0.00504474234636058,0.030905931895314587,0.00406757854881779,0.029177172092680864,0.0025250641284968018,0.023172055873530006,0.002584743951336975,3.077170061932477
LongKou,SSCNN-3x3,sscnn3x3,standard-capability,fwhm_12_nm,0.9572354012919373,0.0053063413428149145,0.8978974299641116,0.01006364559768472,0.9484633122351245,0.004298266999501504,0.8563293911519929,0.009542658751219608,0.15318031148287642,0.013528543121508111,0.06604404877890903,0.006912647483760086,0.021163243652081158,0.0035550047938151847,0.011132377569611867,0.0019501634667606275,0.008629478992215249,0.0018135830083801123,1.5573639908630366
LongKou,SSCNN-3x3,sscnn3x3,standard-capability,fwhm_18_nm,0.968489243057217,0.004170007365008644,0.9253745151053987,0.007372526086882243,0.9445824901409606,0.006350790591033768,0.868358024904915,0.01586920682635378,0.12125424382120384,0.00646194939996415,0.049101996310768614,0.005519440149160829,0.013966564437216158,0.001560078638277942,0.010856322579457829,0.0013157881168983903,0.0028452067651876254,0.001091773346976334,-1.190344523265674
LongKou,SSResNet-3x3,ssresnet3x3,standard-capability,nominal,0.9742551116182344,0.002161974532103492,0.9297733537499212,0.006431353746853249,0.9474338094468638,0.006251333555237357,0.8034905016434205,0.034309933183449035,0.09423899217950335,0.011501375685124061,0.041560368895861774,0.003761181488488913,0.013828498987987266,0.002464277519171422,0.0,0.0,0.0,0.0,0.0
LongKou,SSResNet-3x3,ssresnet3x3,standard-capability,global_center_minus_1p1_nm,0.9702836004932183,0.006571731129471266,0.9162974845509619,0.01957313937197461,0.9138073173515309,0.01959450448098766,0.6907070933615194,0.10183440428998812,0.10941502408489681,0.03008697151309297,0.04698568869628825,0.010819281436639488,0.015011626842575385,0.00555280541035481,0.024335167565379023,0.006927665231358636,0.012144579200176675,0.004393889231299054,1.3475869198959267
LongKou,SSResNet-3x3,ssresnet3x3,standard-capability,global_center_plus_1p1_nm,0.9557575869113129,0.007931827930498327,0.8971159240272263,0.017497801254060558,0.9408756733419554,0.007725426410725417,0.8130551536251673,0.05575985157014097,0.16596506965335583,0.03164857072397925,0.07286192971841347,0.012930517507776653,0.027437264147262823,0.005881065564020662,0.028404218120249552,0.0076986034749674795,0.02248191839814491,0.006957843587161957,3.265742972269492
LongKou,SSResNet-3x3,ssresnet3x3,standard-capability,global_center_minus_2p2_nm,0.9352117341774481,0.022363085279642602,0.7916287000141116,0.09392182853177439,0.7976782247932986,0.07210739191601899,0.26293972961670264,0.27170022462394133,0.2594873576852926,0.10338091439893664,0.10505043538801537,0.036921671067715676,0.039028738489048906,0.014605771333154929,0.06375397979277472,0.021624406041033647,0.04695327309199993,0.018817555683488408,13.814465373580964
LongKou,SSResNet-3x3,ssresnet3x3,standard-capability,global_center_plus_2p2_nm,0.9086994129230543,0.016857717882681873,0.8339956893002569,0.033438208706380465,0.892818484644153,0.023136354721638306,0.6555746409066265,0.09025341865761166,0.35223857083363574,0.06324272933065558,0.15196039953101398,0.026850196485687795,0.06290085140283808,0.012041923384072308,0.07975964812190588,0.016847296524226615,0.0707786591088945,0.015708797577108434,9.577766444966429
LongKou,SSResNet-3x3,ssresnet3x3,standard-capability,global_center_minus_4p4_nm,0.7410530577691076,0.09015876276756107,0.551143358017783,0.10410995937398769,0.615570820788157,0.07132988404361047,0.010770255742042092,0.017035156416510475,1.0533037608023688,0.4232789191282213,0.42915396470861306,0.15941196959622986,0.1903588711606894,0.08777452347670879,0.2575298599481016,0.08870353945183905,0.23829066750096617,0.0876820309188062,37.86299957321382
LongKou,SSResNet-3x3,ssresnet3x3,standard-capability,global_center_plus_4p4_nm,0.7519682720797982,0.03425499757942533,0.6668796122428058,0.06817701836390526,0.7342600441257952,0.06374231520235939,0.29129748825788476,0.1231644735324528,1.0532101933681528,0.09298207747516697,0.4240330588538548,0.04376642425035558,0.19147384496464373,0.016173004017988647,0.24051014962180467,0.03329342360411043,0.22805270809945338,0.03261475095872576,26.28937415071154
LongKou,SSResNet-3x3,ssresnet3x3,standard-capability,local_mid25_center_minus_2p2_nm,0.9664353939304708,0.003427189318315045,0.90544333024529,0.006508825765292154,0.9004041356224546,0.007095489794970578,0.6790373707358567,0.04709656984451896,0.123357980683657,0.017407093647629508,0.05341016491296039,0.0063516357178668255,0.017506792245847412,0.004542157014064308,0.026433185490549717,0.005101425178870089,0.015039475863592028,0.004132415038816193,2.4330023504631204
LongKou,SSResNet-3x3,ssresnet3x3,standard-capability,local_mid25_center_plus_2p2_nm,0.9455049045769919,0.012964695977218714,0.8834329988504834,0.011331866616300878,0.9362881197620622,0.01018825107869819,0.7992678369816096,0.04277856061900509,0.21258957916668572,0.07618225287871981,0.09074698692816638,0.024800719289939245,0.035729542245610285,0.013545551540975146,0.039479544325229585,0.01294394508626695,0.03297384839059941,0.012567242524195362,4.634035489943777
LongKou,SSResNet-3x3,ssresnet3x3,standard-capability,fwhm_12_nm,0.957623718644754,0.00920327159927167,0.8890297379997779,0.017881622643300236,0.9234999300736868,0.010808725237091343,0.64593735814798,0.040994360072176605,0.16309790800731366,0.038246447614520715,0.0694826422458448,0.015389188888189692,0.025448562076522803,0.006223047393529831,0.02634484789370043,0.010401501059494268,0.01978946206084252,0.009042978432459913,4.074361575014329
LongKou,SSResNet-3x3,ssresnet3x3,standard-capability,fwhm_18_nm,0.9683088871303163,0.008111417098880445,0.9152643798622219,0.02570095206657469,0.9198303040878602,0.03541154729160821,0.7457042455110013,0.13039742292108217,0.11254440082302024,0.028196633136526657,0.05048459943619821,0.01234450872196818,0.01689849991388321,0.004377521718653711,0.023799620884480188,0.011766029839277653,0.013427314721092442,0.008908043072785258,1.450897388769934
LongKou,SpectralFormer-3x3,spectralformer3x3,standard-capability,nominal,0.9588622853672453,0.009022681383011164,0.8978991721588914,0.02163015579943532,0.9368153242360762,0.012971281518311513,0.7698642137538327,0.07501461123972854,0.1469056526482708,0.02559426926096148,0.0648806380665308,0.012402178224493207,0.01831338403763524,0.005682012973848679,0.0,0.0,0.0,0.0,0.0
LongKou,SpectralFormer-3x3,spectralformer3x3,standard-capability,global_center_minus_1p1_nm,0.9642858457404715,0.007176212757401619,0.9115316426285569,0.020332577110407812,0.9231222991961449,0.010845166715763669,0.7320192728865528,0.06270625987796033,0.13303690797030354,0.01758424400300956,0.05640432213774331,0.009586975469370996,0.014691037509318872,0.0043206743816647745,0.021561735097631447,0.0017120034417261948,0.006910576586856102,0.0021392431186467655,-1.3632470469665536
LongKou,SpectralFormer-3x3,spectralformer3x3,standard-capability,global_center_plus_1p1_nm,0.9356018918968658,0.005764559508210671,0.8650663598801749,0.01578841457841567,0.9287728432473795,0.010959647128331786,0.7862282838486429,0.07217779210502102,0.2282781375295706,0.01952259089491645,0.10328248646792278,0.006437778815350136,0.0350059883827767,0.006051589554935507,0.03155492574120765,0.004494689940123253,0.026344847893700424,0.004362789809788589,3.2832812278716483
LongKou,SpectralFormer-3x3,spectralformer3x3,standard-capability,global_center_minus_2p2_nm,0.953731343283582,0.005690868395822369,0.8885826903508697,0.01463663121967532,0.8796858910865375,0.015045337629602393,0.6237796596003172,0.07661647346814379,0.17231867124619166,0.006604862479108021,0.07345319461318742,0.006776009479217841,0.02118541983829996,0.006210779358859278,0.04293759316855918,0.005721710565635086,0.021578298397040695,0.007637039114292843,0.9316481808021693
LongKou,SpectralFormer-3x3,spectralformer3x3,standard-capability,global_center_plus_2p2_nm,0.895349393599205,0.005325987239246686,0.8289773279356629,0.00946273655957514,0.9063890294898236,0.007713633027161417,0.7425237452036119,0.04705660092069565,0.38842237553006387,0.048344842781294035,0.1716277488379901,0.010733611554058355,0.06487188967845373,0.011239429393093163,0.07688315512450081,0.013408801683412094,0.06808988350479415,0.013502178837397995,6.892184422322845
LongKou,SpectralFormer-3x3,spectralformer3x3,standard-capability,global_center_minus_4p4_nm,0.9011336658262327,0.019713592419352475,0.7623591888911169,0.042781121082449025,0.755373920699443,0.02798299591936875,0.15164835164835164,0.11031383383117574,0.391848284038817,0.08440782936320651,0.16020740058995453,0.030496348642289162,0.05683868102300005,0.01637763866225075,0.10010490089625854,0.019904236304131906,0.07303862929495557,0.022549385706356062,13.55399832677745
LongKou,SpectralFormer-3x3,spectralformer3x3,standard-capability,global_center_plus_4p4_nm,0.7845243572519645,0.03153508151724789,0.7440639070135331,0.019826244547651986,0.8225826018288123,0.029335841548574396,0.4715062243878189,0.12171944622491294,0.8765891464583593,0.21068412220066662,0.36069679630488344,0.061510163420870685,0.1502385329210313,0.03698759003347761,0.1939028654507978,0.039897240224508405,0.17977805178791617,0.040278573884580685,15.383526514535827
LongKou,SpectralFormer-3x3,spectralformer3x3,standard-capability,local_mid25_center_minus_2p2_nm,0.9586046340431013,0.0076653936644657085,0.899017790559237,0.021674829750733222,0.9136485455708463,0.011447717893510656,0.6832238282961016,0.07716346866998301,0.15323652557434336,0.01960468175163373,0.06544764766437447,0.010482915051468589,0.018625020602663526,0.004670815493990366,0.02625651029685113,0.0026984098760468264,0.011551981154646005,0.0028075967208260476,-0.11186184003456612
LongKou,SpectralFormer-3x3,spectralformer3x3,standard-capability,local_mid25_center_plus_2p2_nm,0.9251706940022452,0.007073917726031822,0.8576322387581241,0.011099224202657444,0.920654430561531,0.00840994243537065,0.8016458669590876,0.03802189450175648,0.26548271786208877,0.038361222975298065,0.12074523117978815,0.011021498682098363,0.04148179682255741,0.008777726221583515,0.04565029353847286,0.006457553086276217,0.03819128770451074,0.007126326881045217,4.026693340076726
LongKou,SpectralFormer-3x3,spectralformer3x3,standard-capability,fwhm_12_nm,0.9531350645048494,0.009899173107539357,0.8861722549353018,0.022261469587689264,0.9356840197717589,0.011945101125906065,0.7623740692071835,0.07335448119962386,0.16696128788317674,0.027758122750365332,0.07420462145213898,0.013726429422246191,0.022699611531246115,0.00580492590632564,0.009098772475477116,0.0023290673702983868,0.007011796749912582,0.0017141239134241383,1.172691722358954
LongKou,SpectralFormer-3x3,spectralformer3x3,standard-capability,fwhm_18_nm,0.9630969689162081,0.008374415271067397,0.9085565824972729,0.020618456878646652,0.9341147307591722,0.014556409950451064,0.7761279018834866,0.07074218646712595,0.1327878486860566,0.024167911760290612,0.057996524312156794,0.011646115854219553,0.014923558597905853,0.005563355329868789,0.009446601763071204,0.002493591481349466,0.002120102324383017,0.0007325895897476893,-1.0657410338381523
HanChuan,Linear,linear,low-capability,nominal,0.6519202806814482,0.003618509481065256,0.5311868151957617,0.002045581042007852,0.5738152715953111,0.002643272599428864,0.21581395348837212,0.005738528844440853,1.0666661934598811,0.013387188061430098,0.47545416290002274,0.0046076940619251905,0.1046909549146439,0.008681737362801296,0.0,0.0,0.0,0.0,0.0
HanChuan,Linear,linear,low-capability,global_center_minus_1p1_nm,0.6573328028357507,0.0035674601078826028,0.5241806788181788,0.0023468375415832197,0.5628325119913916,0.0021964768651217687,0.13705426356589148,0.0037338277763697015,1.0598475799683034,0.012901843099190293,0.47255571520940914,0.004332041422505675,0.10882231825614279,0.009101790720740464,0.051044959670126955,0.002480735569735882,0.013691178066336313,0.0009905456889632367,0.7006136377582961
HanChuan,Linear,linear,low-capability,global_center_plus_1p1_nm,0.6345773501645748,0.003646824147384145,0.5152322967320265,0.001731095061489251,0.5675029472886621,0.0013498758226229356,0.26807917207728327,0.007668529731192933,1.0918517743142062,0.012247622399383658,0.487715264523524,0.004189823520512246,0.08807546496906563,0.009213629892608358,0.056097225738778164,0.0011058009463877263,0.026041161789705936,0.0012096828812944076,1.595451846373519
HanChuan,Linear,linear,low-capability,global_center_minus_2p2_nm,0.6569783339964553,0.0029517110596090964,0.5043442733324488,0.0025450706489667215,0.5488555986608699,0.001677846261778322,0.03719385637193856,0.003998869100470668,1.0683864874592315,0.010909815299683004,0.4771147795509888,0.003271995105366669,0.10748154384357207,0.009258691252800806,0.09623322602814048,0.005325505925304519,0.028442869027380906,0.00256044471023296,2.684254186331292
HanChuan,Linear,linear,low-capability,global_center_plus_2p2_nm,0.606755163308858,0.004319948397983673,0.4790582521168637,0.002695894789664761,0.5413385459516943,0.0023638201144961903,0.0949519722051911,0.004578150999253843,1.1388324275703985,0.010222239769681412,0.5108052855297298,0.004125245251520571,0.0656397987708617,0.008371955101232153,0.11130032191557852,0.002218153744525792,0.057863782688899336,0.0019170895053796475,5.212856307889801
HanChuan,Linear,linear,low-capability,global_center_minus_4p4_nm,0.6432090281043152,0.004954664325402891,0.4571226968167815,0.009554994484438195,0.514771297535679,0.006504210980290208,0.00190950601909506,0.0008091983681867134,1.123836724575367,0.01092004602238065,0.5044005586021363,0.005166340941284424,0.09956906871280047,0.006987019802372354,0.1819134083264007,0.010191207991712527,0.06190328064527797,0.006322782668572176,7.40641183789802
HanChuan,Linear,linear,low-capability,global_center_plus_4p4_nm,0.5552110536405396,0.004361382877959378,0.38904097085828454,0.007385004090923993,0.46177947742166287,0.006419527353096428,0.0027386061720825667,0.00018279730042916742,1.3063687635332997,0.015689284209756394,0.581708676425642,0.007530209464369506,0.05345911318875871,0.004124755862422502,0.2001316598545954,0.0037836142447643197,0.1136210077042717,0.0022616446582331014,14.214584433747717
HanChuan,Linear,linear,low-capability,local_mid25_center_minus_2p2_nm,0.6407045972438239,0.0029956748417381243,0.5035147863596082,0.0019530552865822818,0.5569949461082768,0.0027014105534264926,0.1516279069767442,0.009000263735627899,1.0936048790586608,0.011130773762113605,0.4857544137215557,0.003777955284940862,0.09424908682722835,0.009066196399219717,0.041035917097695954,0.0013236210995171136,0.01711433428581763,0.001031879474907996,2.7672028836153495
HanChuan,Linear,linear,low-capability,local_mid25_center_plus_2p2_nm,0.6507671718450465,0.00427242445580233,0.5319548091739288,0.0025673061330232327,0.5696763157456786,0.0023924961337063815,0.27349089048911973,0.011064672961052253,1.0717901252543887,0.013700052473782035,0.4776524436139873,0.004869879023307221,0.1075109266538441,0.008427109104158208,0.03729156870546533,0.0015708736422521577,0.011915940246681375,0.0005912575721026714,-0.07679939781670697
HanChuan,Linear,linear,low-capability,fwhm_12_nm,0.6516873440156256,0.0039196546569176495,0.5295942006716796,0.0024358091444641244,0.5706002296650216,0.0023915389154107922,0.21271317829457362,0.010594945465593725,1.0616512683979997,0.013735497648079542,0.4735151049241709,0.004776702026388657,0.10287941050241882,0.008749011929011409,0.024394690201468512,0.0012238328572065054,0.008123847072015047,0.000753818689895833,0.15926145240821032
HanChuan,Linear,linear,low-capability,fwhm_18_nm,0.6485217202589793,0.00362518197130841,0.5265902622856075,0.0015000747827616167,0.5719173691340348,0.002050955192509219,0.20651162790697675,0.0053031415120890065,1.0765622711766012,0.012813120290339394,0.47968874593215294,0.004382018537262442,0.10281404172524315,0.009004474217284073,0.027962527579845915,0.0010507403796631203,0.010256447354143307,0.0006422116172895312,0.4596552910154261
HanChuan,MLP,mlp,low-capability,nominal,0.8136521141534343,0.005351358365391587,0.6919441785316266,0.00718927991110529,0.7264226978663155,0.008728596084054942,0.4185969281859693,0.03296741871978066,0.5971955765498793,0.008872978026557747,0.26858794810283204,0.007642453836794717,0.01933086282517822,0.0034226389845278004,0.0,0.0,0.0,0.0,0.0
HanChuan,MLP,mlp,low-capability,global_center_minus_1p1_nm,0.8024306434694541,0.005132537347283767,0.6726727523853505,0.0077217188664574065,0.7040394820237446,0.00857433708275952,0.2327936903279369,0.03598958250754058,0.6317820823471418,0.011752336066729466,0.28192318629279034,0.007505332448735696,0.030988395459143926,0.0061086882438247,0.0577060802257026,0.003687230629405018,0.026152566282055922,0.0028608911178627273,1.9271426146276083
HanChuan,MLP,mlp,low-capability,global_center_plus_1p1_nm,0.8014410243426049,0.004606346821785271,0.6780381242581012,0.0060720312349512645,0.7156104691248674,0.006236670052852537,0.4445560858734717,0.02291995027952339,0.6329854764121201,0.008250577642135808,0.2854581315831462,0.0055945366873826185,0.029952531072245443,0.006823997766333462,0.062263536730929214,0.003664762616713472,0.028700401490215938,0.0023341840077237344,1.3906054273525426
HanChuan,MLP,mlp,low-capability,global_center_minus_2p2_nm,0.7819871957174376,0.005813534445523602,0.6375214808737454,0.007148989073441659,0.6687918830900239,0.00687458218885241,0.10859277708592778,0.03453979657470323,0.7139938788609685,0.023854751796168677,0.3108629590521793,0.0098998567945667,0.051322873990484096,0.006987277358719974,0.10565920353022029,0.004641789523855508,0.05359279487828698,0.004022102388840322,5.442269765788121
HanChuan,MLP,mlp,low-capability,global_center_plus_2p2_nm,0.7761276087821464,0.003406000832272537,0.6412141391595723,0.007121712640631965,0.6771415601686757,0.005315917213144216,0.32333340853212134,0.012964421528590472,0.7447983773309095,0.030361298799223325,0.3257125642598789,0.0034431607190393335,0.054799022171649725,0.011234660280639725,0.11705573841646473,0.006866556598011873,0.06240387745505842,0.005905664885309226,5.073003937205433
HanChuan,MLP,mlp,low-capability,global_center_minus_4p4_nm,0.7451325641118385,0.0031493278301282374,0.5671619915908777,0.006267703137827104,0.6087211238091862,0.004624506319917435,0.03752594437525945,0.022361294337589887,0.9725912990483057,0.046627770281915996,0.3704481535416545,0.008268543127714228,0.09066617872752336,0.0038735388355333284,0.18119000253192025,0.004234014456898004,0.10043332007089376,0.003638848356221972,12.478218694074894
HanChuan,MLP,mlp,low-capability,global_center_plus_4p4_nm,0.7184982095706587,0.008461869946007528,0.5211948830889013,0.014549395333479357,0.5735087619229436,0.006040529212545734,0.0125,0.022038255128433836,1.1826838042187435,0.11817107527371219,0.4255999693982216,0.012212152458733399,0.11554716637185258,0.014206687585677497,0.2040452852027345,0.006281090109952517,0.12723116432162623,0.006466156128395709,17.074929544272532
HanChuan,MLP,mlp,low-capability,local_mid25_center_minus_2p2_nm,0.7957854378413571,0.005742121156130755,0.6577955880106315,0.007756263301241447,0.6974058529937122,0.007197647858325855,0.24109589041095889,0.040914561107726635,0.6523282741103438,0.015390139673952502,0.29182998184730674,0.008262451627897793,0.03483911660485755,0.006772580664490816,0.06212608962997793,0.002520635839561718,0.03099215104712989,0.002223107338078398,3.414859052099506
HanChuan,MLP,mlp,low-capability,local_mid25_center_plus_2p2_nm,0.8002213621731109,0.002797652547988796,0.6750178273287043,0.007245716434053337,0.7041183867354578,0.008478345830402148,0.4651751023465233,0.03210630494428641,0.6479828784616453,0.010902199881545917,0.28712866736971643,0.003927680446916385,0.031613116552093534,0.007537554578664453,0.06699316381524216,0.005405785995803055,0.0311541939450935,0.004017008607625469,1.6926351202922296
HanChuan,MLP,mlp,low-capability,fwhm_12_nm,0.8119361956089268,0.00484860811230354,0.6884970932274014,0.006567779403385909,0.7214086562470658,0.00873248185791563,0.34047322540473224,0.04005047922966823,0.6060495298054115,0.008228701469354192,0.27143769120637706,0.0072807306036856145,0.022952872513,0.003862270034577561,0.02472311643216262,0.0027389417812306318,0.009572105472564835,0.0016027430462555278,0.3447085304225217
HanChuan,MLP,mlp,low-capability,fwhm_18_nm,0.8100741490939342,0.004607489004457279,0.6879354131082599,0.006528399208977346,0.7250362543365736,0.0073423476544406275,0.47247821209234564,0.02317330854422725,0.6015287166665397,0.007201457744159098,0.271746758425475,0.006940058718668501,0.0205129759632994,0.004716199864839709,0.028829167721633447,0.002540104275096492,0.012047600101276812,0.0013499767801253204,0.40087654233667
HanChuan,CNN-1D,cnn1d,low-capability,nominal,0.8000549788403806,0.01840152930087545,0.6710481275096105,0.022358436618252812,0.7128235962544098,0.021959694135150677,0.3988376919883769,0.04062079938623754,0.6665924654231079,0.032411692769407974,0.2864818136671544,0.021901118917267887,0.023488843515000586,0.006406247790465981,0.0,0.0,0.0,0.0,0.0
HanChuan,CNN-1D,cnn1d,low-capability,global_center_minus_1p1_nm,0.7955930119000254,0.011618824252013337,0.6545621401257481,0.015457811714248587,0.6832476400382829,0.01803777123782083,0.16268180370123664,0.043686518680652424,0.6946155336780722,0.03595804072439402,0.29415472629978157,0.01352602174556986,0.029959270640273643,0.017916760028594946,0.06967989293594243,0.019957833338792686,0.027000397873186966,0.014903415265231553,1.6485987383862422
HanChuan,CNN-1D,cnn1d,low-capability,global_center_plus_1p1_nm,0.7656830759214381,0.01202987774140822,0.6302709623627598,0.011948435208572496,0.6916853521779609,0.005579380207503336,0.33036789702279995,0.06029373144271577,0.7758758384876219,0.047965295609835056,0.3356627449209776,0.01856868244397846,0.05764928924126293,0.02371778200560008,0.08202842984772309,0.022853666479240066,0.046358736933482844,0.01754751241567153,4.07771651468507
HanChuan,CNN-1D,cnn1d,low-capability,global_center_minus_2p2_nm,0.7726668354613522,0.01335879773926926,0.6131779638690908,0.01947876000949705,0.641156041457218,0.014368898412602731,0.05097550850975509,0.02979900060863332,0.8075827891581481,0.12486059934788837,0.328625745907447,0.024864129642070392,0.05298602169946799,0.0334561256826378,0.12437515824501755,0.02994031601562979,0.058474337179440804,0.023921232197700433,5.787016364051967
HanChuan,CNN-1D,cnn1d,low-capability,global_center_plus_2p2_nm,0.7216334502839368,0.021674612054206663,0.5789080332114607,0.019262402233212912,0.6515614639401857,0.014794006983295242,0.22423616505787142,0.05530817954147049,1.0364835757842505,0.20707229006544595,0.4144528985848369,0.04711774055049564,0.10941895518539377,0.042476042363530524,0.15594024668137593,0.03723035650691419,0.09495424458349913,0.032180895200418426,9.214009429814984
HanChuan,CNN-1D,cnn1d,low-capability,global_center_minus_4p4_nm,0.7332773899518935,0.011458077107487195,0.5456310534506278,0.007947271768036139,0.5794974227503265,0.0070927256046861885,0.0024076380240763804,0.0024275951045601408,1.0867293022152589,0.2775784064782327,0.3908791719621881,0.032518759519874006,0.09853504863721695,0.03440887146521823,0.19566969291424025,0.027977707925446002,0.1046536694758925,0.02222058119837299,12.541707405898272
HanChuan,CNN-1D,cnn1d,low-capability,global_center_plus_4p4_nm,0.6491004448945636,0.033243352209033565,0.4633307209886556,0.04939102061689873,0.5547630922325046,0.03826705210393533,0.028203108360406896,0.03976409356955963,1.9063999882270717,0.699519847593144,0.5748361131803678,0.08551178848929833,0.20695782454234934,0.06462939093791649,0.26321264513328757,0.04515713523055826,0.17205628097081058,0.044020130169024146,20.771740652095495
HanChuan,CNN-1D,cnn1d,low-capability,local_mid25_center_minus_2p2_nm,0.7908836401779579,0.010576616260420665,0.6425066071688165,0.01287275270957609,0.6835243591819313,0.015738866095828932,0.18987131589871314,0.04316405563175851,0.6984613838477215,0.01720260350652951,0.2989670768769698,0.010781223457683228,0.03142296387137533,0.015221383020413202,0.0704004051072449,0.011380361209040424,0.029666871631641768,0.009831587764639455,2.8541520340794047
HanChuan,CNN-1D,cnn1d,low-capability,local_mid25_center_plus_2p2_nm,0.7681556769269722,0.009981239783324465,0.6350888525449672,0.00940433858379089,0.6830101826292083,0.009946611421452286,0.30708367854183927,0.06171465294201447,0.7713606297773092,0.040446503762247316,0.3326172938709551,0.015533313755894269,0.05609310154206078,0.020634616584036904,0.08014902159366297,0.019200456930408297,0.044263753752667556,0.014513852726981621,3.595927496464335
HanChuan,CNN-1D,cnn1d,low-capability,fwhm_12_nm,0.7955785437841357,0.01370098815564825,0.6662697244211264,0.01616745966010702,0.7070379849281619,0.018649338529162656,0.32038190120381904,0.049396695146528675,0.6822318740418274,0.02325444429661885,0.29358441513594463,0.01585231603862244,0.02865902154515586,0.010301031324668598,0.03230730278149528,0.012599075065092884,0.01387926357290122,0.007860929266849387,0.47784030884840956
HanChuan,CNN-1D,cnn1d,low-capability,fwhm_18_nm,0.7923738561145874,0.01320688716449658,0.6593656495092691,0.01655625749678655,0.7014158290320589,0.014089256492962677,0.41554019293389377,0.049201029684842974,0.6825893494370402,0.02363165653077892,0.29487243067169533,0.015811417313096345,0.02965541140674946,0.011633558930681678,0.03932578579954425,0.014087982298600681,0.018051868195464248,0.008269571818733458,1.168247800034139
HanChuan,SSCNN-3x3,sscnn3x3,standard-capability,nominal,0.8537693058921402,0.009914194465733678,0.7583294189219986,0.009615978159626896,0.7861992921043915,0.005310857637699964,0.4874221668742217,0.05483177344166098,0.5528188667122806,0.05154737466816867,0.2219057210419896,0.015035341452926204,0.048481690972654284,0.013395363073449322,0.0,0.0,0.0,0.0,0.0
HanChuan,SSCNN-3x3,sscnn3x3,standard-capability,global_center_minus_1p1_nm,0.8455109053423518,0.0075751734049447576,0.7378122649732365,0.006474291023650045,0.7621282254882911,0.005446195937028982,0.2307181403071814,0.05204244568486855,0.587730032613849,0.05868705866229655,0.23300281697841538,0.012166971750104203,0.05525019579683198,0.01326260169980162,0.04565413968965891,0.00416983361511544,0.021600897023185156,0.001329935859956176,2.051715394876208
HanChuan,SSCNN-3x3,sscnn3x3,standard-capability,global_center_plus_1p1_nm,0.8380771873982711,0.011200897016793743,0.7370401986155862,0.012340969559952732,0.7677945614449901,0.006571399713123658,0.5057020232985898,0.03944108575427292,0.6255645753189789,0.07554319735016256,0.24847010367985184,0.020016386557850947,0.06237017991088175,0.016396075146280865,0.04994827648569465,0.005268861929811631,0.027606611928961557,0.0044888958784014355,2.1289220306412338
HanChuan,SSCNN-3x3,sscnn3x3,standard-capability,global_center_minus_2p2_nm,0.8241313704922776,0.0075515187107377925,0.699490468549205,0.009173381634321406,0.7240354528390693,0.007536629402949838,0.0963055209630552,0.033413132274970093,0.7120178876079254,0.09575240823927632,0.26755348354953606,0.013954097226648603,0.07392438180180068,0.015351064683640961,0.08957789271892068,0.00753528519547006,0.04950555213947264,0.003399871015557264,5.883895037279352
HanChuan,SSCNN-3x3,sscnn3x3,standard-capability,global_center_plus_2p2_nm,0.8057901399790213,0.016976155163059135,0.68412569923528,0.02991810153352983,0.7117677605067811,0.02521205842751086,0.3225027018882042,0.08398703019849192,0.83325044367723,0.15826112472884774,0.30475326192903357,0.032989331713213485,0.09203659445884953,0.024143060710433185,0.10518754295221903,0.01700086929786768,0.06645350309255978,0.015371690052249134,7.420371968671857
HanChuan,SSCNN-3x3,sscnn3x3,standard-capability,global_center_minus_4p4_nm,0.7724208774912288,0.009934505200291061,0.6027963649452956,0.018328293705788513,0.6436470130215973,0.014296736270354835,0.0361145703611457,0.026696446975198882,1.1803693514752474,0.2453865844708168,0.35766326622220024,0.021124356224973797,0.1266028577141483,0.01853543701611006,0.170082829963468,0.012219985147828651,0.10899555105436394,0.007310036135003217,15.553305397670291
HanChuan,SSCNN-3x3,sscnn3x3,standard-capability,global_center_plus_4p4_nm,0.7394755307990017,0.018651667569423772,0.5780954341549575,0.025609156175287293,0.6102248276915346,0.019822476657920297,0.000211864406779661,0.0004737432155719893,1.6479888207253635,0.4878284428986459,0.43187260547517825,0.04423559504689204,0.1608981957452898,0.03301869229434918,0.1960559916084928,0.02157244802954466,0.1371577386334865,0.020747169094405146,18.02339847670411
HanChuan,SSCNN-3x3,sscnn3x3,standard-capability,local_mid25_center_minus_2p2_nm,0.8367663760986727,0.011441618716712334,0.7250212424586437,0.010849533957224124,0.7568585109368087,0.007112204049510401,0.2639269406392694,0.05789512306846299,0.6192373870189046,0.06577443747115025,0.24812950491968247,0.01852501659648463,0.06243288564723831,0.014807395014185591,0.04870401851918834,0.0035062337837775586,0.027564654392881686,0.0027180118425615078,3.330817646335482
HanChuan,SSCNN-3x3,sscnn3x3,standard-capability,local_mid25_center_plus_2p2_nm,0.8381538684124858,0.009360262159456388,0.7319896522743262,0.011357928515218552,0.7569611065369652,0.007044208174030551,0.5134830325376507,0.027504470688091438,0.6456919018982059,0.085396884711127,0.24831897063994796,0.017286246613365433,0.06273871312383913,0.016911516887191985,0.054834159221615365,0.004859133468496384,0.02995912757261186,0.005829736501815301,2.6339766647672347
HanChuan,SSCNN-3x3,sscnn3x3,standard-capability,fwhm_12_nm,0.8539790935725395,0.007945068062165089,0.756341833229996,0.006191943173370991,0.78175594623004,0.0040472353913012125,0.37218762972187625,0.0628104098153326,0.5601035565370063,0.05531745207027142,0.22171381611054392,0.01268324545595348,0.04829070494934444,0.013402511685640956,0.022632473686114225,0.002450422208692808,0.008482656346077333,0.0012747818239962048,0.19875856920025248
HanChuan,SSCNN-3x3,sscnn3x3,standard-capability,fwhm_18_nm,0.8452663941838174,0.011283907957381606,0.7479736957479085,0.012172831629174503,0.7776204780881086,0.007197946624908644,0.5531277250374209,0.040297648122105845,0.5798373086217173,0.06196459905009822,0.23513563916580132,0.018666489163825312,0.05602692651249347,0.01542283572568368,0.028957933953050963,0.0036207995682789266,0.015548884146562015,0.003209707570691961,1.035572317409006
HanChuan,SSResNet-3x3,ssresnet3x3,standard-capability,nominal,0.8417159185445076,0.011614754368532482,0.7377953148299785,0.013207344198585252,0.7755115452096822,0.012294486918819212,0.4594821769235294,0.038645000435894646,0.5565413705804417,0.01157875045702815,0.24227921669641778,0.01451384352078032,0.06581008257122374,0.004661300999971612,0.0,0.0,0.0,0.0,0.0
HanChuan,SSResNet-3x3,ssresnet3x3,standard-capability,global_center_minus_1p1_nm,0.8279581871450791,0.010555618974352535,0.7049799958261552,0.013723662741847787,0.7345424437424423,0.013560899164356776,0.2145288501452885,0.05591471661716512,0.6319115231329452,0.01568652343337114,0.26615832219064495,0.012924535702054755,0.07765719997062301,0.007346993936677947,0.06731435598799146,0.009110326554656312,0.03248526060693746,0.00533455639090965,3.2815319003823284
HanChuan,SSResNet-3x3,ssresnet3x3,standard-capability,global_center_plus_1p1_nm,0.819903787029334,0.014624146530797081,0.7030702956422088,0.018992598096184646,0.7453130051795194,0.020040987275582456,0.39863569511280994,0.08302367232321795,0.6454018923037006,0.03671391466850684,0.2770139298871418,0.020670908480431373,0.07992797127271314,0.008562759957809023,0.06277570803342133,0.00945191253487691,0.03540347958187144,0.007219279946535479,3.4725019187769712
HanChuan,SSResNet-3x3,ssresnet3x3,standard-capability,global_center_minus_2p2_nm,0.791243896263609,0.01377112196407068,0.6385307639211693,0.020727214982831775,0.6730662316852095,0.016728088026009263,0.0509832314865765,0.02173456259288702,0.8260128538950106,0.05073359738702154,0.32764502045676636,0.020615058833917788,0.10641435270307811,0.014835008983363382,0.1348023293666582,0.014808348617012001,0.07733497305313415,0.010774495611930456,9.926455090880925
HanChuan,SSResNet-3x3,ssresnet3x3,standard-capability,global_center_plus_2p2_nm,0.7853394581690599,0.021336476259808716,0.642315884620797,0.036510105094085796,0.6815851469128404,0.03766750514990293,0.21458899288524869,0.1174981831316296,0.7953140657045219,0.07372300769916791,0.32976168240086207,0.03242346288253331,0.1009386775470726,0.016729181196467883,0.1216537056461822,0.018849722612698214,0.07694867435888161,0.01516136620912441,9.547943020918147
HanChuan,SSResNet-3x3,ssresnet3x3,standard-capability,global_center_minus_4p4_nm,0.7235750714363223,0.03794189519806619,0.5250780009837237,0.04570195046508628,0.5738072909749784,0.043928323617372964,0.00555745412069082,0.005440196109401529,1.194677102968033,0.15166727838940988,0.4352522906529896,0.06128700367098168,0.15897373570826107,0.03310786916038496,0.2285021883025283,0.02955842272814829,0.1501718088761891,0.02559282161129695,21.271731384625483
HanChuan,SSResNet-3x3,ssresnet3x3,standard-capability,global_center_plus_4p4_nm,0.725279415488118,0.020504406710326294,0.5327313542064326,0.01185762052239724,0.5748749753465241,0.019651807819622103,0.021327683615819208,0.046514840024385495,1.0813385531444728,0.11851490905140215,0.41990982089510603,0.03770354459583815,0.13706376461658132,0.026920228535732792,0.21041270300575107,0.015324475943923234,0.14424277498462762,0.006964407962929142,20.506396062354593
HanChuan,SSResNet-3x3,ssresnet3x3,standard-capability,local_mid25_center_minus_2p2_nm,0.8156964589286361,0.008465250282679563,0.6879925359857728,0.010718778232446732,0.7243458453963796,0.015062089312104178,0.25329356000270303,0.014441166175192805,0.6797998041921016,0.03264833304867204,0.28655676930387963,0.012902408863721073,0.08825091063303642,0.008513328243188843,0.06337179440807321,0.006929397583591188,0.037562122472601,0.007408034910296731,4.98027788442057
HanChuan,SSResNet-3x3,ssresnet3x3,standard-capability,local_mid25_center_plus_2p2_nm,0.8264650775852715,0.009744706487388784,0.7021883529462221,0.008282319577148076,0.743075568174038,0.008584439581467672,0.3372564410132756,0.0852099681734322,0.6293105103436207,0.008527549732363983,0.26714694364406055,0.011519128581708433,0.07380994412646083,0.010859863755574083,0.07056100119361955,0.00910984201797755,0.036882121025789416,0.004333736889742634,3.560696188375645
HanChuan,SSResNet-3x3,ssresnet3x3,standard-capability,fwhm_12_nm,0.8425275798459146,0.010010722692477696,0.7324414808037225,0.01264717501789174,0.7652586804843035,0.014907758800352063,0.3487495833096278,0.0843986769498547,0.5642738092001358,0.02932376609883349,0.24193702828017744,0.013426855366452375,0.06420939256408728,0.010942860468254599,0.03707599377871017,0.008998626384960786,0.014167179079104425,0.0033986933060355744,0.5353834026255999
HanChuan,SSResNet-3x3,ssresnet3x3,standard-capability,fwhm_18_nm,0.8306130864108221,0.017526776150984726,0.7235785051279097,0.02175958929981407,0.7656034549907687,0.016031592641566533,0.47332071699856754,0.09137109729846256,0.5975520467615689,0.03288299065106063,0.26035005415688073,0.022752780525760553,0.07469733835057886,0.00778636860964308,0.03845335841140087,0.01022733167644687,0.02082106557673527,0.00878283665197474,1.4216809702068844
HanChuan,SpectralFormer-3x3,spectralformer3x3,standard-capability,nominal,0.8331117300249575,0.016554499032217375,0.7286509493934243,0.019945241776203385,0.7627104509715724,0.016203923378376773,0.42457451224574505,0.052295129306093896,0.6473408732942986,0.012645318923799853,0.2603943134648132,0.019340310456427943,0.07125351158113993,0.020788820107569776,0.0,0.0,0.0,0.0,0.0
HanChuan,SpectralFormer-3x3,spectralformer3x3,standard-capability,global_center_minus_1p1_nm,0.8293095091691685,0.019048712534112125,0.7185189076033078,0.024421304533487002,0.7492622994988293,0.01967018179781596,0.27986716479867163,0.05236263475111313,0.6650770591108663,0.013206648473988804,0.2657587813041216,0.02268963524825013,0.07562347150077035,0.01628181378768011,0.04093029985170181,0.0021707417892841887,0.0169971425471118,0.0024587476438303582,1.0132041790116508
HanChuan,SpectralFormer-3x3,spectralformer3x3,standard-capability,global_center_plus_1p1_nm,0.8247274568669296,0.014764281086511826,0.7182278611195616,0.015435831696540503,0.7525906549974829,0.011454382018578825,0.4509280673664235,0.062225145321509336,0.6824884966012675,0.02626859812447557,0.27402824337035775,0.01593410756085276,0.07691255607292201,0.024175707144203158,0.039059572467175466,0.0010188933714438933,0.01898940210511086,0.0015087043653405166,1.0423088273862735
HanChuan,SpectralFormer-3x3,spectralformer3x3,standard-capability,global_center_minus_2p2_nm,0.8144478605273628,0.02125652341709643,0.6903019972888569,0.02906515294436432,0.7191839539327604,0.022968966034408757,0.15051888750518888,0.049406461751132814,0.735403244404251,0.021192888654324178,0.2895913437693438,0.025997926563041885,0.08855844290499171,0.01230960252620902,0.0821166853546497,0.007281900608430995,0.03987557420334937,0.005741699179341223,3.8348952104567458
HanChuan,SpectralFormer-3x3,spectralformer3x3,standard-capability,global_center_plus_2p2_nm,0.8099410424277499,0.013566671342423049,0.6938721249911872,0.013931785377218836,0.7253042217859218,0.012237116154674698,0.3863489637138881,0.07086141669780041,0.7511411730590114,0.044334507743426524,0.29784996503510064,0.013241699343550946,0.08767703637307725,0.025771157056549976,0.07413751944153073,0.003977339398641193,0.04037038376677397,0.003158445535989116,3.477882440223712
HanChuan,SpectralFormer-3x3,spectralformer3x3,standard-capability,global_center_minus_4p4_nm,0.772148876912504,0.015398476132627228,0.6109937297472983,0.025240154874347037,0.6428421955514632,0.013983026578277368,0.0711538784679374,0.039629377552132465,0.9704121467754196,0.08257261001434384,0.3615993369364222,0.02048733290706653,0.12774975065926802,0.016729953768776083,0.15980034000072343,0.013877590393484806,0.09372156110970449,0.01120536264425269,11.765721964612608
HanChuan,SpectralFormer-3x3,spectralformer3x3,standard-capability,global_center_plus_4p4_nm,0.7793583390602958,0.015645659070378258,0.6327294379925299,0.02718735254360876,0.6665224365974816,0.02143364451821004,0.14175192336336587,0.13531666280683674,0.9112882114230176,0.08560760041146094,0.3477306049145664,0.010988657551487976,0.11037947160109267,0.024517623758849954,0.1303114261945238,0.01013346749116195,0.07952833942199877,0.007456804329516018,9.592151140089445
HanChuan,SpectralFormer-3x3,spectralformer3x3,standard-capability,local_mid25_center_minus_2p2_nm,0.8181097406590228,0.01919463565939712,0.7018408796989993,0.026937013620425648,0.7399250952575749,0.02191984726240155,0.2863428808634288,0.06954449289269315,0.7168926269751457,0.01532622828115737,0.2850468727813154,0.022399044341850347,0.08536772618822996,0.016072249204488884,0.05071508662784389,0.00876457783935027,0.026213332368792273,0.005339167514910919,2.681006969442501
HanChuan,SpectralFormer-3x3,spectralformer3x3,standard-capability,local_mid25_center_plus_2p2_nm,0.8226657503526603,0.016252323796861205,0.7088058654879679,0.019310445652696188,0.7362019497653074,0.01633676561044369,0.4008031398706923,0.07534039411571643,0.6896820525882992,0.028333224478690914,0.2765969272989869,0.01833427199935597,0.07781971206323368,0.02213974547255746,0.0511433428581763,0.005089753313060613,0.025417585994863816,0.003946795544251102,1.9845083905456473
HanChuan,SpectralFormer-3x3,spectralformer3x3,standard-capability,fwhm_12_nm,0.8328165804608096,0.01796939309107729,0.7274617606305311,0.021945576010574275,0.7625833637443085,0.01773700571816066,0.3877127438771274,0.05801450056021204,0.6521440459692548,0.010797417472335131,0.2612398574806338,0.021076781798155083,0.07217208032873727,0.01898646789161167,0.016325821969833978,0.001897836868376276,0.006403588092740624,0.0006656394743949977,0.11891887628932007
HanChuan,SpectralFormer-3x3,spectralformer3x3,standard-capability,fwhm_18_nm,0.8318313017687272,0.015076075627516542,0.7273538475334728,0.01754677683928784,0.7591176313915005,0.014379466116585044,0.45603668139569675,0.05202135049396249,0.6488679396999792,0.017536482055765187,0.26195350334729056,0.017273686760652218,0.07179041301914808,0.023128158100383146,0.018909827467718014,0.0021035503621160572,0.007877889101891706,0.002048771546835226,0.1297101859951577
HongHu,Linear,linear,low-capability,nominal,0.7310463436668164,0.007016052043504062,0.550952708186803,0.002943273285815074,0.619910935795822,0.0017781842366123247,0.13181169757489303,0.028037825992150756,1.042561795625487,0.016800828724507565,0.43053658602345674,0.009621724561468962,0.16289490396929468,0.0024105599407020922,0.0,0.0,0.0,0.0,0.0
HongHu,Linear,linear,low-capability,global_center_minus_1p1_nm,0.6951772247906974,0.009053247200035346,0.5227658369063021,0.004150414352470814,0.5895741947149122,0.0027781445901370033,0.10870185449358058,0.03464156835306974,1.1274013484910308,0.018862201811458187,0.4725313636943949,0.010813876822754852,0.15948898164813766,0.002525490676502651,0.11021319149552893,0.0031737116013635367,0.05578438334855094,0.002736127562022731,2.8186871280500903
HongHu,Linear,linear,low-capability,global_center_plus_1p1_nm,0.7266433813050431,0.00677023181529442,0.5287914718001769,0.003510021532355482,0.5981340740366342,0.0017433616533210755,0.13903310337595007,0.015194178921714208,1.0401035386735917,0.015094542062786962,0.4233036918161977,0.008745845219174538,0.13174821190281222,0.0033371933502052424,0.09009502553177098,0.0009994460485266393,0.03251737947892965,0.0006678305656938041,2.2161236386626038
HongHu,Linear,linear,low-capability,global_center_minus_2p2_nm,0.615398290796485,0.01108674545437297,0.44915801368023944,0.005929248072311887,0.5160111505687097,0.0033323308018653195,0.077724876769417,0.0267292316855954,1.305907130431142,0.020921765846423784,0.5503292641503224,0.011200187849049678,0.10592048993067901,0.004677039228964586,0.23851166925124517,0.005853633886940443,0.14485234085518148,0.004974899630610045,10.179469450656352
HongHu,Linear,linear,low-capability,global_center_plus_2p2_nm,0.7029841012188582,0.005927610918319645,0.4770241631089953,0.002280127272441201,0.5509116765413765,0.0008576186210764344,0.030150125104253543,0.008664466872016744,1.1087605368327988,0.013691294491803955,0.4396944100724709,0.008102206969198392,0.09350864895399472,0.003343700323130751,0.16384198804813596,0.0010599665231275336,0.07003773001541085,0.0008114664872994877,7.392854507780767
HongHu,Linear,linear,low-capability,global_center_minus_4p4_nm,0.48193452079015636,0.010631984760383835,0.33052268417183667,0.005674553997417237,0.4086606562701077,0.0024328690938281404,0.0027783254093921013,0.00028175249771884137,1.9081213070150487,0.02463047342196264,0.7220936416507467,0.009297882025110992,0.08463067143510927,0.008028537696341322,0.424296970487495,0.006074413938272231,0.2839587047155273,0.0048941956018552476,22.04300240149663
HongHu,Linear,linear,low-capability,global_center_plus_4p4_nm,0.659043367778277,0.004374884324764508,0.38825588889527785,0.0013261518424981442,0.4611110909303349,0.002231252300607221,0.0,0.0,1.4274574220848488,0.0134085589996619,0.5041532079394466,0.006802262890239268,0.05800390623605376,0.007676363523470652,0.261806692850621,0.0024830699714497853,0.12440180292468009,0.0016368439255761576,16.26968192915251
HongHu,Linear,linear,low-capability,local_mid25_center_minus_2p2_nm,0.6366275839746469,0.01156144175081269,0.4792259777130621,0.004742641112683405,0.5632390896277653,0.0029186992347431597,0.1049928673323823,0.023344644695379897,1.2635090383343754,0.020424458508177507,0.5336479991466929,0.011286989757865296,0.13488317228669378,0.005723531837586614,0.18345579887631222,0.005465859202629049,0.11548863027000392,0.0052933601873526364,7.17267304737409
HongHu,Linear,linear,low-capability,local_mid25_center_plus_2p2_nm,0.7301835292298923,0.005742432757595442,0.5271910177673039,0.003290272271244748,0.5784813007710626,0.0016498242984946028,0.14993458920271432,0.02764601073496579,1.0226477030522798,0.01331049320613284,0.41037205400192994,0.007724635400818312,0.11301092150890066,0.003241582122491777,0.11761619733619329,0.0012941341031669907,0.040217007975961006,0.0005553892441903229,2.376169041949905
HongHu,Linear,linear,low-capability,fwhm_12_nm,0.7229128924573787,0.007459915390443907,0.54507090838702,0.0031504975074223567,0.6137011291909286,0.002168103588599334,0.1232524964336662,0.03238262519721618,1.0576121834461403,0.01728059412725713,0.43878988976453226,0.00982557181574822,0.15870237372802976,0.0023275592965352923,0.03844113682806997,0.0010917198930610154,0.01714324362188824,0.0007351646196742425,0.5881799799782983
HongHu,Linear,linear,low-capability,fwhm_18_nm,0.7334028995589309,0.007101873762029516,0.5515636226000991,0.003545243723813446,0.6189639223585417,0.0018759608921891855,0.13570582485502736,0.028782766607535027,1.0355688828558174,0.016547962096479765,0.42659771802987595,0.009546718970908759,0.1610301232576748,0.002573440643456087,0.037651753407054206,0.0011779658415229678,0.011719976618018619,0.0006143812527454009,-0.0610914413296082
HongHu,MLP,mlp,low-capability,nominal,0.7880722909027666,0.003420654311972911,0.6164055385622694,0.004556077928877498,0.6911929723128863,0.0036096210962796482,0.12591894439208293,0.013014620044943536,0.7825242262705115,0.011141859023599656,0.299360969055547,0.004678486867153142,0.02127446050148867,0.009367329162476689,0.0,0.0,0.0,0.0,0.0
HongHu,MLP,mlp,low-capability,global_center_minus_1p1_nm,0.751143253283864,0.0060169179367860265,0.5853334794182306,0.00689138375387457,0.6638625109686448,0.006548617847396629,0.09886899151743637,0.015412944633515738,0.9385500424380723,0.026554887663971884,0.35023570243960983,0.008525155466577708,0.024097996451032593,0.012710408565686749,0.10861316830678706,0.006040195188577063,0.05777764895143408,0.005511474830550965,3.1072059144038877
HongHu,MLP,mlp,low-capability,global_center_plus_1p1_nm,0.7836654637506825,0.004577186519318734,0.6045810846366052,0.004663654562351476,0.670876838404544,0.0032523309246814754,0.15570216776625823,0.007544473258730496,0.7824040504040384,0.01732200337116943,0.30519632299740485,0.006182416852323373,0.03329526524476682,0.013150513470869313,0.08200022222544288,0.0019166709290244829,0.029837147398271473,0.0007825708319184129,1.1824453925664224
HongHu,MLP,mlp,low-capability,global_center_minus_2p2_nm,0.6528886892080562,0.011007255100673312,0.5025573744407519,0.01006514194228309,0.5781655636185083,0.010848993183893046,0.08567389255419415,0.011282561546952254,1.4005198014254658,0.08243106941269893,0.4856008674963985,0.016648579563061247,0.08194106639682977,0.01607730018743833,0.25905592834678765,0.012333745017211224,0.16816378981337893,0.010913182714406106,11.384816412151755
HongHu,MLP,mlp,low-capability,global_center_plus_2p2_nm,0.756918216206032,0.005415140285105312,0.560077983625513,0.006346481841703988,0.6189710379167019,0.006177596031255874,0.16258246936852025,0.00600732741940715,0.8787012000367987,0.026131674187356835,0.34347103644338745,0.007862654855643079,0.06344858219286816,0.01237431144634756,0.154969395691725,0.0034213822273993916,0.06915945641724278,0.0014515707824263894,5.632755493675646
HongHu,MLP,mlp,low-capability,global_center_minus_4p4_nm,0.4714590066522703,0.019941349735504047,0.3652520367217599,0.009456917753537075,0.42087518976336796,0.014027587690477749,0.005040331006812388,0.0014254684663347536,3.372800471160622,0.38381591683003635,0.7699254779512172,0.03477744526829,0.23332996883129126,0.030471709735001618,0.49948453359227435,0.02143100781914318,0.35861099436223715,0.020079013522690085,25.115350184050953
HongHu,MLP,mlp,low-capability,global_center_plus_4p4_nm,0.6935714044164891,0.007113115299061339,0.44101357616028175,0.0174736541055444,0.49125923179258024,0.01736695030665739,0.005746689304781907,0.0023143398680174846,1.265834048147052,0.04299598555660752,0.4539273474249412,0.012337042219684256,0.1337075387514517,0.008966493453519776,0.26721256829809126,0.007880181959403616,0.14074406875461962,0.004456012987044253,17.539196240198766
HongHu,MLP,mlp,low-capability,local_mid25_center_minus_2p2_nm,0.6707874993357392,0.00784088905101554,0.5173262348729611,0.005035070922960641,0.6057029511384084,0.00749028079466133,0.07351555136663525,0.01111698973806357,1.2710500504412707,0.05777560740632302,0.4584796466271226,0.01307683597777839,0.060244432369051346,0.01753456927451578,0.217470784600743,0.010137684143715823,0.14360014879442698,0.008524529257907287,9.907930368930828
HongHu,MLP,mlp,low-capability,local_mid25_center_plus_2p2_nm,0.7695435199543954,0.0036453691573881328,0.5797645516809343,0.006441233713461408,0.6287558761063506,0.004011259747251304,0.18698471629279506,0.016521593542376367,0.8383704016116429,0.01563701842328308,0.3268869054825623,0.0049730774874853535,0.059399574936486385,0.011553154566968538,0.13011203060913926,0.003161818647904586,0.05461721667463779,0.001065715271270653,3.6640986881335103
HongHu,MLP,mlp,low-capability,fwhm_12_nm,0.7875679357671851,0.003491356317523688,0.6151142076338154,0.005011801335355339,0.688436442760144,0.003588779550338565,0.13911404335532515,0.02039607944808151,0.7824892227466934,0.010681581507914205,0.29971911384719746,0.0047968253896295545,0.02298893614251311,0.011581294718900048,0.022971347410832038,0.003763088395167986,0.00783392996033759,0.0012288128371127688,0.12913309284540153
HongHu,MLP,mlp,low-capability,fwhm_18_nm,0.7862162253559231,0.003138011310661307,0.6149313992744618,0.004108100940544349,0.690306912374272,0.0039978085824297505,0.11319509896324223,0.009386111752222103,0.789328668154116,0.013409783284537445,0.30228011356641604,0.0045131089478701696,0.020195655376659922,0.008085587163694567,0.02346700676821403,0.003157963609759545,0.008628144369242067,0.0014748880224970664,0.14741392878075965
HongHu,CNN-1D,cnn1d,low-capability,nominal,0.7722701295187852,0.011229800259160953,0.5998184759485408,0.008550847977034873,0.6771574234939378,0.003111026297228667,0.1119698397737983,0.018881336110932317,0.8760086862459078,0.04518333357413363,0.32674009595006787,0.015647809820885705,0.020805035224271747,0.009366469382672766,0.0,0.0,0.0,0.0,0.0
HongHu,CNN-1D,cnn1d,low-capability,global_center_minus_1p1_nm,0.7512340758561719,0.009740111099351724,0.5881618865136249,0.007131136375678614,0.6639626394379913,0.004692848391039671,0.10254476908576815,0.016502623234717427,0.9684330652643963,0.040985156911691155,0.3560815770634079,0.013473684091873486,0.024175586571472694,0.008584877278567276,0.09666710145557665,0.0041921805901335455,0.04427407160490249,0.00463610202246895,1.1656589434915876
HongHu,CNN-1D,cnn1d,low-capability,global_center_plus_1p1_nm,0.7599317864510114,0.013663502611792543,0.5738979460322939,0.009074864875121692,0.6491872612103281,0.0029443988032730665,0.11413760603204526,0.013873595203031587,0.901109071511569,0.05233227538033338,0.3402487237161326,0.020134530654065765,0.0379920872281171,0.012810814393603152,0.08675488050551457,0.003169332408032245,0.03618796407677406,0.0024430100838996084,2.5920529916246826
HongHu,CNN-1D,cnn1d,low-capability,global_center_minus_2p2_nm,0.6890795518775633,0.013860825177665645,0.534863412549617,0.01092543478534381,0.6056287434473268,0.010297409686895336,0.0883129123468426,0.01445066517613858,1.208091404989413,0.047543015909948014,0.4381588233136503,0.016973323094667488,0.052996223424846625,0.014862580468047793,0.21066392266554587,0.010162965882031253,0.11870703440146477,0.01321326013523925,6.495506339892376
HongHu,CNN-1D,cnn1d,low-capability,global_center_plus_2p2_nm,0.7312521437508757,0.01669641448691725,0.523210653018411,0.010849942734482395,0.5960937148616593,0.004995801174588843,0.0781172273352807,0.01771685545674808,1.0281190247144147,0.06102879356537339,0.3813624820044622,0.025048134181148547,0.07523273082179026,0.013557388845618619,0.1614970265269545,0.006919683677391977,0.07729967100972478,0.005674514443918514,7.66078229301298
HongHu,CNN-1D,cnn1d,low-capability,global_center_minus_4p4_nm,0.5220230244882776,0.011124336172088328,0.40997975679303195,0.007571085270882942,0.46966547497304667,0.007308162426663901,0.01600954043434625,0.006647298555876438,2.1997668227638627,0.12003431781971528,0.698028209307721,0.024578822683021927,0.21044833930950704,0.02925167916153081,0.4386276129605743,0.012799759892388239,0.2953037966733817,0.00889550567470789,18.983871915550882
HongHu,CNN-1D,cnn1d,low-capability,global_center_plus_4p4_nm,0.6762040029565646,0.018504500947212076,0.4207640866594321,0.013064330984128918,0.48324105151482816,0.009659332542870058,0.0007124051417066749,0.0003963600400207442,1.5336977308452249,0.08239174764568266,0.48120987840001694,0.030846549977536105,0.1455719567551521,0.015068993052122328,0.2678985685782886,0.01097467088362983,0.14137789436561882,0.008995766060297403,17.905438928910865
HongHu,CNN-1D,cnn1d,low-capability,local_mid25_center_minus_2p2_nm,0.6747015657231747,0.010406721312597763,0.5249149667795466,0.005945316953968659,0.6252983952702078,0.005945485543437829,0.07304429783223373,0.008663890815669291,1.2297385692846685,0.0597468633314872,0.4550668976694364,0.014495906265920441,0.04535037235736507,0.017605863347685855,0.18993028884476587,0.0028772963983783382,0.12302593757397451,0.0015277039653530723,7.490350916899413
HongHu,CNN-1D,cnn1d,low-capability,local_mid25_center_plus_2p2_nm,0.7584786252940863,0.011471662355395405,0.5669042559623316,0.009648662839403297,0.6197441263936698,0.0028319083822130105,0.1547584929637476,0.01631268710261924,0.9294292777135817,0.048103538237551285,0.3447802790093636,0.01796689122790075,0.061137720903451334,0.011386102556471904,0.12174572578346546,0.0070036171203392665,0.05013309371633405,0.0031500126736968208,3.2914219986209137
HongHu,CNN-1D,cnn1d,low-capability,fwhm_12_nm,0.7654207548901675,0.012237788873320563,0.5962518266294908,0.009181673391369608,0.6738800124763984,0.003369491582105949,0.1360037700282752,0.02544027189651984,0.8938959565817148,0.0492422714694184,0.33642394237551615,0.017145370161758346,0.027533206778454278,0.013456491530184094,0.03609327671415528,0.006141189351343274,0.01470359473808799,0.0022928435487171214,0.35666493190499304
HongHu,CNN-1D,cnn1d,low-capability,fwhm_18_nm,0.7731155523993102,0.010745317467519517,0.5954570871322993,0.009726716116500424,0.6711559028424677,0.0027967172590554453,0.08803016022620172,0.01247442910540276,0.8756494923332477,0.04368801000428788,0.324702337220622,0.014772251249803888,0.01855451268261503,0.007564620271964409,0.041203495702836275,0.0068425047269869916,0.012680377010294836,0.0022784841082072655,0.4361388816241485
HongHu,SSCNN-3x3,sscnn3x3,standard-capability,nominal,0.8351444706928121,0.02227975424354381,0.7066405365694027,0.006170096710631469,0.7655706303280297,0.0034963568255818476,0.13779453345900095,0.009316051870425309,0.7867103477803736,0.07510568081179322,0.2528196924510562,0.036918379370937116,0.07717996654552502,0.02242517784950501,0.0,0.0,0.0,0.0,0.0
HongHu,SSCNN-3x3,sscnn3x3,standard-capability,global_center_minus_1p1_nm,0.7970540635854626,0.02613233231779127,0.6573153237374563,0.022358906507852497,0.7160240300911679,0.019599344991471448,0.11215834118755892,0.008363920522761003,0.9759919211446411,0.10732542803194005,0.3102661074057803,0.03944871643578106,0.09372890574223502,0.01880010326794731,0.11330115895399451,0.016587988519131656,0.0630173384155326,0.018435017057662536,4.932521283194646
HongHu,SSCNN-3x3,sscnn3x3,standard-capability,global_center_plus_1p1_nm,0.8015063020237008,0.03224599403683615,0.6578605924558785,0.010022618223579135,0.7171016840654436,0.010995041209489222,0.16248821866163995,0.011956288201846858,0.945049917265651,0.13403264714179278,0.3080770392335169,0.05399651834717764,0.107555746613444,0.031184247792362074,0.09478977956202264,0.007268335991550561,0.051567897119281926,0.009645717055518838,4.877994411352427
HongHu,SSCNN-3x3,sscnn3x3,standard-capability,global_center_minus_2p2_nm,0.6554481465914964,0.044244416098616214,0.501114346231194,0.031174564657894022,0.5799877868562827,0.02507237066884729,0.013341274568195356,0.010060051168737996,1.9748460090150055,0.39417215779315146,0.5477140249549224,0.07538711177338236,0.20859628544802922,0.036900225576898746,0.29632796610578893,0.03652160656816434,0.21423692130803831,0.03661149989550593,20.552619033820875
HongHu,SSCNN-3x3,sscnn3x3,standard-capability,global_center_plus_2p2_nm,0.7382309888549109,0.035883739953936775,0.5505248538946393,0.014165172951072379,0.6067568847268016,0.014226044981106821,0.04816478240669042,0.053043689356625706,1.4127783078072538,0.19951760189517873,0.42447597311948854,0.06371513934922712,0.17202900311436645,0.036260236491571715,0.18893993632757963,0.010487001531311936,0.12057276192408586,0.011897171778336659,15.61156826747634
HongHu,SSCNN-3x3,sscnn3x3,standard-capability,global_center_minus_4p4_nm,0.44285762595593176,0.0430104728395653,0.35170768508263006,0.015103450749495989,0.4219308632390108,0.01216762960537013,0.0,0.0,5.989528406274374,0.56319896508615,0.9412121595705626,0.05987882443957047,0.4005402656222049,0.024887996229506625,0.5504794755479548,0.035966203657596986,0.4331193205698633,0.04039685282343294,35.493285148677266
HongHu,SSCNN-3x3,sscnn3x3,standard-capability,global_center_plus_4p4_nm,0.6522210466818359,0.04053940770735013,0.37331269571416664,0.01871465989336713,0.4367955588031759,0.021639322759061108,0.0003359374791019124,0.0002157614033311476,2.9878505220053935,0.3923015299653949,0.6048918674709091,0.0750121178037321,0.2696097376734634,0.041369726971735916,0.3004777847021938,0.01467729016484443,0.2077682285250511,0.01600770001580347,33.332784085523606
HongHu,SSCNN-3x3,sscnn3x3,standard-capability,local_mid25_center_minus_2p2_nm,0.7559800383580437,0.03884988873297127,0.6110375668227194,0.030833359973848156,0.6802187255447945,0.024508932005433852,0.09943449575871818,0.006374999650550747,1.1954855995007259,0.18850347284410665,0.37489667575144475,0.059678237901834456,0.12215219131464705,0.02872270622184534,0.15629308637323247,0.03202147036453453,0.10275414619535547,0.03249833477838855,9.560296974668336
HongHu,SSCNN-3x3,sscnn3x3,standard-capability,local_mid25_center_plus_2p2_nm,0.7910365850712813,0.02979477234781721,0.642135408336203,0.010832402090782048,0.6963130429449996,0.011773322808212866,0.1942507068803016,0.01655234016205296,1.0091185667572238,0.1239853208599198,0.326640230627328,0.049821490356657845,0.11839958601668452,0.02908048906245975,0.11045667328512007,0.004685224458932513,0.0628115383314734,0.008178738652436532,6.4505128233199756
HongHu,SSCNN-3x3,sscnn3x3,standard-capability,fwhm_12_nm,0.8351048565921246,0.019726965757929767,0.7044127407600829,0.007984653742410506,0.763197343041475,0.004895610495036614,0.13798303487276156,0.010794689445139161,0.792075092686767,0.062002391261287766,0.25312888741068773,0.032372111020221944,0.07631351354627547,0.01976524543890144,0.02828156929810577,0.0017105770228246153,0.010420440875954723,0.0013548057439225244,0.22277958093198658
HongHu,SSCNN-3x3,sscnn3x3,standard-capability,fwhm_18_nm,0.8294825528872398,0.025177668112185286,0.7010953684285325,0.005851239876985376,0.7599711280439054,0.0037129725171404365,0.13411875589066918,0.008479945139887328,0.8087378312313686,0.09178654788590006,0.26240301325149723,0.04204661017302826,0.0813207219478019,0.025184886070657424,0.030376285646651884,0.0020963103246111857,0.013730633777301122,0.0027464100289462073,0.5545168140870249
HongHu,SSResNet-3x3,ssresnet3x3,standard-capability,nominal,0.8612347038845973,0.01410351665688111,0.7269548031753525,0.01099570720006567,0.7721768033254632,0.008641380673247955,0.17992459943449574,0.041082119809533135,0.6213384007381832,0.050169558212974884,0.21824628307876975,0.01874921722738263,0.07250209142374094,0.008055271640338429,0.0,0.0,0.0,0.0,0.0
HongHu,SSResNet-3x3,ssresnet3x3,standard-capability,global_center_minus_1p1_nm,0.7888278574085614,0.041198301454553436,0.6447511298161379,0.033875685105161354,0.687759276087266,0.031038947913396373,0.14052780395852968,0.0417975585370602,0.9193451489193171,0.14339479822498388,0.3300404580975956,0.057392710726835314,0.11477228740252725,0.019132167526924922,0.14404170108745534,0.03604002144133334,0.09317139861930365,0.030951830518319224,8.220367335921463
HongHu,SSResNet-3x3,ssresnet3x3,standard-capability,global_center_plus_1p1_nm,0.8298642009304483,0.015053633296347133,0.6728116580398125,0.012237766650524628,0.7227327926162096,0.008514321843084009,0.16239396795475966,0.024928822003883203,0.7795379338712737,0.039256339609399234,0.26992418158897474,0.019345570288969938,0.09803157844215171,0.004145828753176499,0.10332130417349043,0.010905248356453854,0.05369836277820452,0.0062513707550601,5.414314513554008
HongHu,SSResNet-3x3,ssresnet3x3,standard-capability,global_center_minus_2p2_nm,0.6045498243935903,0.059193817428084806,0.47492841782004047,0.04949192091551664,0.5307008946236038,0.04391512307929076,0.022036926742108397,0.026515579856524196,2.010127808642075,0.26456348446186606,0.6387754976209294,0.084810856510496,0.26445683080335725,0.03388431168780077,0.3628149200229955,0.05801988544361328,0.2829905747426291,0.048695558665942204,25.202638535531207
HongHu,SSResNet-3x3,ssresnet3x3,standard-capability,global_center_plus_2p2_nm,0.7630941511229631,0.010796681007285083,0.5480013003521343,0.016143268367874823,0.6049176021539759,0.007697180360780954,0.05561084549982741,0.029634545139554155,1.2256767268710775,0.10398753287030031,0.385802186883412,0.012794199008382565,0.1515108739097118,0.0051499567681815295,0.198224128852109,0.016252748031530748,0.12534964274844565,0.007359285840288273,17.89535028232182
HongHu,SSResNet-3x3,ssresnet3x3,standard-capability,global_center_minus_4p4_nm,0.356219655357324,0.06529359016443895,0.3180554272066522,0.041304509503637885,0.3549898132007616,0.039577956812199895,8.358757888577757e-05,0.00018690750846322478,4.365854645106905,0.6165078087500846,1.0840581548606492,0.11311435088065971,0.48257000800426686,0.056883013078478505,0.6376256660724552,0.0638413193865006,0.5315236452702212,0.054231369581067786,40.889937596870034
HongHu,SSResNet-3x3,ssresnet3x3,standard-capability,global_center_plus_4p4_nm,0.6742474528616358,0.01877013013117573,0.38860717528784694,0.025549631404842482,0.4504367733625115,0.0351976358216664,6.194827319188477e-05,0.00013852054994578224,1.86007628884124,0.31888735568611865,0.514478905272217,0.03459093180489193,0.18365424737387737,0.018113372726686644,0.3099059406658068,0.02890768202436202,0.2148765441045039,0.022763762926276715,33.83476278875056
HongHu,SSResNet-3x3,ssresnet3x3,standard-capability,local_mid25_center_minus_2p2_nm,0.7290569428542442,0.038883222671317094,0.5756061911788404,0.03433010482002747,0.6472562218053157,0.03337204601741187,0.10424128180961359,0.02327677633663052,1.2075677340730775,0.11348390834719385,0.4217239695523324,0.047402031928035285,0.15237548737943304,0.010949643223119187,0.20671507316531157,0.035281373097302816,0.15150461117793976,0.02927060180292105,15.134861199651217
HongHu,SSResNet-3x3,ssresnet3x3,standard-capability,local_mid25_center_plus_2p2_nm,0.8197935235776365,0.014639529210290166,0.6614418941417924,0.009265550411057795,0.6903343019616923,0.006930769802587262,0.20141376060320454,0.036195523436211116,0.8272979955877064,0.04423032590447474,0.2848859690445693,0.016696642603305323,0.10412596028256549,0.005148695545795444,0.12125393121639445,0.008036395471930113,0.06606859036604394,0.005104181619829699,6.55129090335601
HongHu,SSResNet-3x3,ssresnet3x3,standard-capability,fwhm_12_nm,0.8516500239133901,0.014502057563261608,0.7142335089172862,0.013405475680296564,0.754246688271532,0.012269244358713058,0.18633364750235626,0.03242176369020558,0.6566504816668277,0.07601441116454087,0.2322058677459169,0.021313584085526263,0.07517566568170289,0.013661685873177282,0.04571950318120553,0.011903361720576235,0.021065039589945746,0.006548754324861534,1.272129425806634
HongHu,SSResNet-3x3,ssresnet3x3,standard-capability,fwhm_18_nm,0.8566645893418745,0.01785808603356826,0.7195675206382806,0.012464048088683052,0.7676831831533264,0.003933561460040534,0.15428840716305373,0.03962959237953428,0.6461342839172708,0.04888842844901497,0.22592416346176383,0.023982762355784407,0.07614292401989572,0.006723264368124127,0.04123827881563501,0.008352580654537662,0.01663309130084011,0.004665405089427969,0.7387282537071993
HongHu,SpectralFormer-3x3,spectralformer3x3,low-capability,nominal,0.8434015951922007,0.00896102911239363,0.6943049018252696,0.009035753572549092,0.7407014446048754,0.007631710564743782,0.08934967012252593,0.016643324529505503,0.7206283167290025,0.08551468093095928,0.24379787342954867,0.009810387796525145,0.07967776100741217,0.013493499909437082,0.0,0.0,0.0,0.0,0.0
HongHu,SpectralFormer-3x3,spectralformer3x3,low-capability,global_center_minus_1p1_nm,0.8142311241225719,0.01309567904572727,0.6647733171994089,0.012998455304702549,0.7120675023724016,0.012389320755292794,0.0764373232799246,0.0160066727756095,0.8393490921439671,0.09392715083901548,0.2874569321442802,0.014121952876423984,0.09302919499113826,0.014452269914675752,0.10065266646376518,0.008907207465161155,0.05198142968255579,0.0074986075178260225,2.9531584625860696
HongHu,SpectralFormer-3x3,spectralformer3x3,low-capability,global_center_plus_1p1_nm,0.8103953197389334,0.012150565817618798,0.6441235896393269,0.011254585074809791,0.6913689281917301,0.008141860349220112,0.11517436380772857,0.01615581935554659,0.8777719118354559,0.09930610969263129,0.2984888113920249,0.014314369744706554,0.10646446917111366,0.014064634305154327,0.09252211384706059,0.007973915692090782,0.049437431460359324,0.005567710502725079,5.018131218594268
HongHu,SpectralFormer-3x3,spectralformer3x3,low-capability,global_center_minus_2p2_nm,0.6897742479359605,0.022024152811427625,0.5328157143626393,0.019054265229111123,0.6007096727814575,0.016523438606904715,0.04715195536324085,0.01796172889986761,1.5600516569405447,0.16172019138031138,0.4935579206781184,0.030579242216019435,0.19277114151019087,0.014317193084151227,0.2585254858766069,0.019575476483713855,0.18365097078701625,0.015968176029618364,16.14891874626303
HongHu,SpectralFormer-3x3,spectralformer3x3,low-capability,global_center_plus_2p2_nm,0.7518765972453707,0.016129022482603745,0.5443666903708643,0.01588213146685362,0.5935776771044113,0.010878217472831847,0.06777141087192194,0.021171833473669865,1.2155207932910108,0.15552673285939533,0.39972095918117406,0.0187662722098701,0.15642382284627168,0.013126137080083491,0.18196012502596653,0.014152510492496616,0.113794885916221,0.010059027136042223,14.993821145440533
HongHu,SpectralFormer-3x3,spectralformer3x3,low-capability,global_center_minus_4p4_nm,0.5652420083382851,0.018418983038809046,0.4113189671656559,0.012837206066248748,0.4819247603393116,0.015618572029939081,0.0008087486718173376,0.0005859950254606588,2.885459440076321,0.38470114742417194,0.7148869480648873,0.01894942561635412,0.2906624220483439,0.016838138842264934,0.41391421131707223,0.0228456799208698,0.312582307956154,0.014788294125919976,28.298593465961368
HongHu,SpectralFormer-3x3,spectralformer3x3,low-capability,global_center_plus_4p4_nm,0.6613071687029282,0.046490119898707334,0.3856979331361739,0.03165510991906042,0.4542405708140339,0.01275863824999994,0.00459214199875432,0.003501570575352604,1.8136581483922964,0.2997058623653895,0.5460656848329329,0.052164138223470734,0.21468549173804036,0.02008187755644998,0.30079759610042656,0.04500307855487453,0.20688222534626108,0.0407429383895041,30.86069686890957
HongHu,SpectralFormer-3x3,spectralformer3x3,low-capability,local_mid25_center_minus_2p2_nm,0.7474871616496858,0.025316662993639327,0.593176651149492,0.02049285516691679,0.6536641975120819,0.01752965983522452,0.06710650329877474,0.016169559636441115,1.1510724427933705,0.08796463919739675,0.3910496267479723,0.026988984046419286,0.13997961484226956,0.011398898021520748,0.17232037179282794,0.023617910354349354,0.11810702570568657,0.020845088396637027,10.112825067577758
HongHu,SpectralFormer-3x3,spectralformer3x3,low-capability,local_mid25_center_plus_2p2_nm,0.790605660951608,0.013755425119182004,0.6170229761227672,0.014764667700043761,0.6591071058946911,0.011564654920144276,0.14222431668237515,0.015184312484426655,0.9875188310408411,0.10827284665868893,0.3328170980500714,0.01668812148063069,0.12246764393755376,0.014846508102097398,0.12263559375256645,0.010853698575129756,0.07136238689449606,0.0070581306752248866,7.728192570250236
HongHu,SpectralFormer-3x3,spectralformer3x3,low-capability,fwhm_12_nm,0.8434972487523973,0.009228717354294362,0.6932229003443121,0.009556756954054503,0.7397274273159639,0.007943730128233881,0.09019792648444862,0.015692105853547526,0.7197882452317286,0.08629438739822197,0.2434037547116993,0.010545004424932503,0.07851115958486152,0.013857258722974893,0.022973279805987526,0.0013607127236538697,0.008070648366884545,0.0003721366132132606,0.10820014809574952
HongHu,SpectralFormer-3x3,spectralformer3x3,low-capability,fwhm_18_nm,0.8392363174345523,0.00839807018200808,0.6899547522893908,0.008504710708382653,0.7361746651156607,0.008601308403510269,0.08982092365692744,0.01733290743580844,0.7393513407739322,0.08492018099098196,0.25084622997471834,0.00867003200273916,0.08314808859519254,0.013232179884851442,0.025784914757218703,0.0016516949066247024,0.011057165079687145,0.0010354915738445506,0.43501495358787556
